thelokia,02082385-d5b5-36bc-9ac4-4157e4c780c4
darkshot2980,306b35e1-7b81-36c6-aca5-21ea2ec8704d
zydraz,5fbb6cd3-e05b-316b-9f62-baf0358a4374
citrusurge,dc8fe7aa-3910-3f70-bf34-003e2a5f40c4
youstolemykfc,dce913bc-00e5-3526-b884-2ddad05e9dce
odesza29,8aaebaad-6f55-3a28-a14c-4abc178f7ada
eddshine,90979a65-8b92-3381-81a2-261c02693f6f
xensu,d5f4504f-dbbd-3ef4-a208-31fa4a786bf9
sageemode,bf2a38fb-402f-3453-8d3a-cdda932d27a0
steveabi7676,ea0ce958-7388-3e5d-bd02-36ec0f301441
friedchicken,d59c8ab7-541f-314f-b995-b31b8b8b4df9
bloom,2395a506-85c9-3956-83af-cf7ea09a44fe
crimeson,50f2d0c1-1263-3cb8-b7f5-caf1c126dd6a
s2ekwark,f1bc1dd5-a76e-3a77-8c91-707e3c2adf5c
kastilyu,4566cc26-c054-3f6f-ade3-18b92f2a631d
unleavable,dc26911c-54bc-3f60-b4e0-fb9ad91fdd1e
litjisz,6c4a9b5e-62d1-3bf3-91e4-139904a6fb1a
fearless1225,fd5ec72c-0350-3df1-8491-ebc45ed7fb7a
blooosh,8a5b79ea-a698-3b76-88b7-da8d42ec311d
shaqydd,bec2c86d-c953-3f41-8618-dad95ff9351c
seigooooo,3cac2e41-0f4e-30b9-b05d-ea4c32948da4
*,825e3f83-9ee3-419a-a36b-a313284ebf2b
giricdegrey,bc871d81-47d6-31b1-86b7-4430444a2dca
exodussx,16ffd2ea-f348-32a8-a343-b7ab9044c9a4
rakenrol,057c266a-1f13-3f93-98e6-32c9b29d95e8
rickydamonkey,ab43a189-3b24-3c7e-b970-56cbefa05929
niggaslayer,d2739f3e-5061-343c-a5ce-2c59d862ed63
_itsgelo,ae247029-0946-37ec-964b-7a11d9d043ef
**,5e9a10d7-1572-4af7-a2e7-cfae2eac8b3c
jemarkby,c1dbb81b-9fae-3fa4-92a3-d6ac4437a5e7
sernav,fb06b194-a23d-3281-8406-89bd592178f0
sleepyash436,2b74a40a-64b3-389c-a89d-fb3e8fb6405c
zen63,6bb141c5-0b95-3b1b-8637-07404eac5bef
otanon,1b1926e9-cef7-32a0-9225-67b91071c2c9
krakenistheone,53dbe15d-009e-3e99-aba5-9cfd724c3f6f
thelighthunter,e3ab647f-6b6b-39d9-88ee-3626d995b3da
man,ff185652-0765-3f29-84ac-a0731bf2df13
kidnamed,eb4203b9-9cf2-3037-b889-7bc5a3085d25
dsareaper,8191ae1f-902f-3910-8739-8196a7348991
sueena,6c3bfd47-ebad-35be-8fd4-b14a3870b478
crimecam,829684ff-0f55-3487-bdb4-2b1b5255b222
wizkhalifax_,14d96549-2d68-332f-a0e3-59f9bb07a92c
zeneconte,eeb3a8c1-8202-39c4-984a-8b8daff90403
tiansenpai24,3c878696-439e-36e7-b80b-98b9ff63c0b4
elesimp,7c598231-8398-3907-a778-b8aa2cba973a
pomelo,d5581faf-7308-394d-9a30-8b9fa560dadb
glo328943,23581dbf-8ac1-36cc-8e2c-06bf4eb92d7b
akiakyo,41d298de-d0c7-3e0f-87ac-1027e6a377f5
allen_walker03,f4e4b17f-dd9c-3b27-8459-ce4d94aa8ca4
rekshive,f47b7ce3-7428-379d-a505-8ed15cc53955
rexelens,2570f35b-9dc9-3786-9fa0-b313e762aa4d
